filename,object_location,image_small,image_thumb
210a.jpg,/objects/210a.jpg,/objects/small/210a_sm.jpg,/objects/thumbs/210a_th.jpg
210b.jpg,/objects/210b.jpg,/objects/small/210b_sm.jpg,/objects/thumbs/210b_th.jpg
demo_001.jpg,/objects/demo_001.jpg,/objects/small/demo_001_sm.jpg,/objects/thumbs/demo_001_th.jpg
demo_002.pdf,/objects/demo_002.pdf,/objects/small/demo_002_sm.jpg,/objects/thumbs/demo_002_th.jpg
demo_003.mp3,/objects/demo_003.mp3,,
demo_004.jpg,/objects/demo_004.jpg,/objects/small/demo_004_sm.jpg,/objects/thumbs/demo_004_th.jpg
demo_005.txt,/objects/demo_005.txt,,
demo_012.md,/objects/demo_012.md,,
good_news_04.mp3,/objects/good_news_04.mp3,,
good_news_05.mp3,/objects/good_news_05.mp3,,
good_news_06.mp3,/objects/good_news_06.mp3,,
hells_half_theta.jpg,/objects/hells_half_theta.jpg,/objects/small/hells_half_theta_sm.jpg,/objects/thumbs/hells_half_theta_th.jpg
hughes_article.png,/objects/hughes_article.png,/objects/small/hughes_article_sm.jpg,/objects/thumbs/hughes_article_th.jpg
mg101_b6_f7_miscellanious_negatives_010.jpg,/objects/mg101_b6_f7_miscellanious_negatives_010.jpg,/objects/small/mg101_b6_f7_miscellanious_negatives_010_sm.jpg,/objects/thumbs/mg101_b6_f7_miscellanious_negatives_010_th.jpg
mg101_b6_f7_miscellanious_negatives_012.jpg,/objects/mg101_b6_f7_miscellanious_negatives_012.jpg,/objects/small/mg101_b6_f7_miscellanious_negatives_012_sm.jpg,/objects/thumbs/mg101_b6_f7_miscellanious_negatives_012_th.jpg
mg101_b6_f7_miscellanious_negatives_014.jpg,/objects/mg101_b6_f7_miscellanious_negatives_014.jpg,/objects/small/mg101_b6_f7_miscellanious_negatives_014_sm.jpg,/objects/thumbs/mg101_b6_f7_miscellanious_negatives_014_th.jpg
mg101_b6_frank_robinson_negatives_009.jpg,/objects/mg101_b6_frank_robinson_negatives_009.jpg,/objects/small/mg101_b6_frank_robinson_negatives_009_sm.jpg,/objects/thumbs/mg101_b6_frank_robinson_negatives_009_th.jpg
mg101_b6_photographs_01.jpg,/objects/mg101_b6_photographs_01.jpg,/objects/small/mg101_b6_photographs_01_sm.jpg,/objects/thumbs/mg101_b6_photographs_01_th.jpg
mg101_b6_photographs_02.jpg,/objects/mg101_b6_photographs_02.jpg,/objects/small/mg101_b6_photographs_02_sm.jpg,/objects/thumbs/mg101_b6_photographs_02_th.jpg
mg101_b6_photographs_03.jpg,/objects/mg101_b6_photographs_03.jpg,/objects/small/mg101_b6_photographs_03_sm.jpg,/objects/thumbs/mg101_b6_photographs_03_th.jpg
mg101_b6_photographs_04.jpg,/objects/mg101_b6_photographs_04.jpg,/objects/small/mg101_b6_photographs_04_sm.jpg,/objects/thumbs/mg101_b6_photographs_04_th.jpg
mg101_b6_photographs_05.jpg,/objects/mg101_b6_photographs_05.jpg,/objects/small/mg101_b6_photographs_05_sm.jpg,/objects/thumbs/mg101_b6_photographs_05_th.jpg
mg101_b6_photographs_06.jpg,/objects/mg101_b6_photographs_06.jpg,/objects/small/mg101_b6_photographs_06_sm.jpg,/objects/thumbs/mg101_b6_photographs_06_th.jpg
mg101_b6_photographs_07.jpg,/objects/mg101_b6_photographs_07.jpg,/objects/small/mg101_b6_photographs_07_sm.jpg,/objects/thumbs/mg101_b6_photographs_07_th.jpg
mg101_b6_photographs_08.jpg,/objects/mg101_b6_photographs_08.jpg,/objects/small/mg101_b6_photographs_08_sm.jpg,/objects/thumbs/mg101_b6_photographs_08_th.jpg
mg101_b6_photographs_26.jpg,/objects/mg101_b6_photographs_26.jpg,/objects/small/mg101_b6_photographs_26_sm.jpg,/objects/thumbs/mg101_b6_photographs_26_th.jpg
mg101_b6_psychiana_photographs_001.jpg,/objects/mg101_b6_psychiana_photographs_001.jpg,/objects/small/mg101_b6_psychiana_photographs_001_sm.jpg,/objects/thumbs/mg101_b6_psychiana_photographs_001_th.jpg
mg101_b6_psychiana_photographs_002.jpg,/objects/mg101_b6_psychiana_photographs_002.jpg,/objects/small/mg101_b6_psychiana_photographs_002_sm.jpg,/objects/thumbs/mg101_b6_psychiana_photographs_002_th.jpg
mg101_b6_psychiana_photographs_003.jpg,/objects/mg101_b6_psychiana_photographs_003.jpg,/objects/small/mg101_b6_psychiana_photographs_003_sm.jpg,/objects/thumbs/mg101_b6_psychiana_photographs_003_th.jpg
mg101_b6_psychiana_photographs_010.jpg,/objects/mg101_b6_psychiana_photographs_010.jpg,/objects/small/mg101_b6_psychiana_photographs_010_sm.jpg,/objects/thumbs/mg101_b6_psychiana_photographs_010_th.jpg
mg101_b6_psychiana_photographs_011.jpg,/objects/mg101_b6_psychiana_photographs_011.jpg,/objects/small/mg101_b6_psychiana_photographs_011_sm.jpg,/objects/thumbs/mg101_b6_psychiana_photographs_011_th.jpg
mg101_b6_psychiana_photographs_012.jpg,/objects/mg101_b6_psychiana_photographs_012.jpg,/objects/small/mg101_b6_psychiana_photographs_012_sm.jpg,/objects/thumbs/mg101_b6_psychiana_photographs_012_th.jpg
mg101_b6_psychiana_photographs_015.jpg,/objects/mg101_b6_psychiana_photographs_015.jpg,/objects/small/mg101_b6_psychiana_photographs_015_sm.jpg,/objects/thumbs/mg101_b6_psychiana_photographs_015_th.jpg
mg101_b6_psychiana_photographs_017.jpg,/objects/mg101_b6_psychiana_photographs_017.jpg,/objects/small/mg101_b6_psychiana_photographs_017_sm.jpg,/objects/thumbs/mg101_b6_psychiana_photographs_017_th.jpg
mg101_b6_psychiana_photographs_018a.jpg,/objects/mg101_b6_psychiana_photographs_018a.jpg,/objects/small/mg101_b6_psychiana_photographs_018a_sm.jpg,/objects/thumbs/mg101_b6_psychiana_photographs_018a_th.jpg
mg101_b6_psychiana_photographs_019.jpg,/objects/mg101_b6_psychiana_photographs_019.jpg,/objects/small/mg101_b6_psychiana_photographs_019_sm.jpg,/objects/thumbs/mg101_b6_psychiana_photographs_019_th.jpg
mg101_b6_psychiana_photographs_021.jpg,/objects/mg101_b6_psychiana_photographs_021.jpg,/objects/small/mg101_b6_psychiana_photographs_021_sm.jpg,/objects/thumbs/mg101_b6_psychiana_photographs_021_th.jpg
mg101_b6_psychiana_photographs_028.jpg,/objects/mg101_b6_psychiana_photographs_028.jpg,/objects/small/mg101_b6_psychiana_photographs_028_sm.jpg,/objects/thumbs/mg101_b6_psychiana_photographs_028_th.jpg
mg101_b6_psychiana_photographs_035.jpg,/objects/mg101_b6_psychiana_photographs_035.jpg,/objects/small/mg101_b6_psychiana_photographs_035_sm.jpg,/objects/thumbs/mg101_b6_psychiana_photographs_035_th.jpg
mg101_b6_psychiana_photographs_037b.jpg,/objects/mg101_b6_psychiana_photographs_037b.jpg,/objects/small/mg101_b6_psychiana_photographs_037b_sm.jpg,/objects/thumbs/mg101_b6_psychiana_photographs_037b_th.jpg
mg101_b6_psychiana_photographs_038.jpg,/objects/mg101_b6_psychiana_photographs_038.jpg,/objects/small/mg101_b6_psychiana_photographs_038_sm.jpg,/objects/thumbs/mg101_b6_psychiana_photographs_038_th.jpg
mg101_b6_psychiana_photographs_039.jpg,/objects/mg101_b6_psychiana_photographs_039.jpg,/objects/small/mg101_b6_psychiana_photographs_039_sm.jpg,/objects/thumbs/mg101_b6_psychiana_photographs_039_th.jpg
mg101_b6_psychiana_photographs_040.jpg,/objects/mg101_b6_psychiana_photographs_040.jpg,/objects/small/mg101_b6_psychiana_photographs_040_sm.jpg,/objects/thumbs/mg101_b6_psychiana_photographs_040_th.jpg
mg101_b6_robinson_friends_008.jpg,/objects/mg101_b6_robinson_friends_008.jpg,/objects/small/mg101_b6_robinson_friends_008_sm.jpg,/objects/thumbs/mg101_b6_robinson_friends_008_th.jpg
mg101_b6_robinson_friends_015.jpg,/objects/mg101_b6_robinson_friends_015.jpg,/objects/small/mg101_b6_robinson_friends_015_sm.jpg,/objects/thumbs/mg101_b6_robinson_friends_015_th.jpg
mg101_b7_f11_042.pdf,/objects/mg101_b7_f11_042.pdf,/objects/small/mg101_b7_f11_042_sm.jpg,/objects/thumbs/mg101_b7_f11_042_th.jpg
mg101_b7_f13_007.pdf,/objects/mg101_b7_f13_007.pdf,/objects/small/mg101_b7_f13_007_sm.jpg,/objects/thumbs/mg101_b7_f13_007_th.jpg
mg101_b7_f13_013.pdf,/objects/mg101_b7_f13_013.pdf,/objects/small/mg101_b7_f13_013_sm.jpg,/objects/thumbs/mg101_b7_f13_013_th.jpg
mg101_b7_f13_028.pdf,/objects/mg101_b7_f13_028.pdf,/objects/small/mg101_b7_f13_028_sm.jpg,/objects/thumbs/mg101_b7_f13_028_th.jpg
mg101_b7_f13_034.pdf,/objects/mg101_b7_f13_034.pdf,/objects/small/mg101_b7_f13_034_sm.jpg,/objects/thumbs/mg101_b7_f13_034_th.jpg
mg101_b7_f23_005.pdf,/objects/mg101_b7_f23_005.pdf,/objects/small/mg101_b7_f23_005_sm.jpg,/objects/thumbs/mg101_b7_f23_005_th.jpg
mg101_b7_f23_023.pdf,/objects/mg101_b7_f23_023.pdf,/objects/small/mg101_b7_f23_023_sm.jpg,/objects/thumbs/mg101_b7_f23_023_th.jpg
mg101_b7_f23_039.pdf,/objects/mg101_b7_f23_039.pdf,/objects/small/mg101_b7_f23_039_sm.jpg,/objects/thumbs/mg101_b7_f23_039_th.jpg
mg101_b7_f23_040.pdf,/objects/mg101_b7_f23_040.pdf,/objects/small/mg101_b7_f23_040_sm.jpg,/objects/thumbs/mg101_b7_f23_040_th.jpg
mg101_b7_f23_041.pdf,/objects/mg101_b7_f23_041.pdf,/objects/small/mg101_b7_f23_041_sm.jpg,/objects/thumbs/mg101_b7_f23_041_th.jpg
mg101_b7_f23_042.pdf,/objects/mg101_b7_f23_042.pdf,/objects/small/mg101_b7_f23_042_sm.jpg,/objects/thumbs/mg101_b7_f23_042_th.jpg
mg101_b7_f23_043.pdf,/objects/mg101_b7_f23_043.pdf,/objects/small/mg101_b7_f23_043_sm.jpg,/objects/thumbs/mg101_b7_f23_043_th.jpg
mg101_b7_f23_044.pdf,/objects/mg101_b7_f23_044.pdf,/objects/small/mg101_b7_f23_044_sm.jpg,/objects/thumbs/mg101_b7_f23_044_th.jpg
mg101_b7_f23_047.pdf,/objects/mg101_b7_f23_047.pdf,/objects/small/mg101_b7_f23_047_sm.jpg,/objects/thumbs/mg101_b7_f23_047_th.jpg
mg101_b7_f23_048.pdf,/objects/mg101_b7_f23_048.pdf,/objects/small/mg101_b7_f23_048_sm.jpg,/objects/thumbs/mg101_b7_f23_048_th.jpg
mg101_b7_f26_002.pdf,/objects/mg101_b7_f26_002.pdf,/objects/small/mg101_b7_f26_002_sm.jpg,/objects/thumbs/mg101_b7_f26_002_th.jpg
mg101_b7_f26_015.pdf,/objects/mg101_b7_f26_015.pdf,/objects/small/mg101_b7_f26_015_sm.jpg,/objects/thumbs/mg101_b7_f26_015_th.jpg
mg101_b7_f26_016.pdf,/objects/mg101_b7_f26_016.pdf,/objects/small/mg101_b7_f26_016_sm.jpg,/objects/thumbs/mg101_b7_f26_016_th.jpg
mg101_b7_f26_044.pdf,/objects/mg101_b7_f26_044.pdf,/objects/small/mg101_b7_f26_044_sm.jpg,/objects/thumbs/mg101_b7_f26_044_th.jpg
mg101_b7_f26_046.pdf,/objects/mg101_b7_f26_046.pdf,/objects/small/mg101_b7_f26_046_sm.jpg,/objects/thumbs/mg101_b7_f26_046_th.jpg
mg101_b7_f26_099.pdf,/objects/mg101_b7_f26_099.pdf,/objects/small/mg101_b7_f26_099_sm.jpg,/objects/thumbs/mg101_b7_f26_099_th.jpg
mg101_b7_f26_107.pdf,/objects/mg101_b7_f26_107.pdf,/objects/small/mg101_b7_f26_107_sm.jpg,/objects/thumbs/mg101_b7_f26_107_th.jpg
mg101_b7_f26_111.pdf,/objects/mg101_b7_f26_111.pdf,/objects/small/mg101_b7_f26_111_sm.jpg,/objects/thumbs/mg101_b7_f26_111_th.jpg
mg101_b7_f26_114.pdf,/objects/mg101_b7_f26_114.pdf,/objects/small/mg101_b7_f26_114_sm.jpg,/objects/thumbs/mg101_b7_f26_114_th.jpg
mg101_b7_f26_117.pdf,/objects/mg101_b7_f26_117.pdf,/objects/small/mg101_b7_f26_117_sm.jpg,/objects/thumbs/mg101_b7_f26_117_th.jpg
mg101_b7_f31_003.pdf,/objects/mg101_b7_f31_003.pdf,/objects/small/mg101_b7_f31_003_sm.jpg,/objects/thumbs/mg101_b7_f31_003_th.jpg
mg101_b7_f31_022.pdf,/objects/mg101_b7_f31_022.pdf,/objects/small/mg101_b7_f31_022_sm.jpg,/objects/thumbs/mg101_b7_f31_022_th.jpg
mg101_b7_f31_023.pdf,/objects/mg101_b7_f31_023.pdf,/objects/small/mg101_b7_f31_023_sm.jpg,/objects/thumbs/mg101_b7_f31_023_th.jpg
mg101_b7_f31_026.pdf,/objects/mg101_b7_f31_026.pdf,/objects/small/mg101_b7_f31_026_sm.jpg,/objects/thumbs/mg101_b7_f31_026_th.jpg
mg101_b7_f32_003.pdf,/objects/mg101_b7_f32_003.pdf,/objects/small/mg101_b7_f32_003_sm.jpg,/objects/thumbs/mg101_b7_f32_003_th.jpg
mg101_b7_f32_006.pdf,/objects/mg101_b7_f32_006.pdf,/objects/small/mg101_b7_f32_006_sm.jpg,/objects/thumbs/mg101_b7_f32_006_th.jpg
